<!DOCTYPE struts PUBLIC
    "-//Apache Software Foundation//DTD Struts Configuration 2.5//EN"
    "http://struts.apache.org/dtds/struts-2.5.dtd">
<struts>
	<package name="user" namespace="/" extends="struts-default">
		<!-- 解决struts2.5 通配符调用无效的问题 -->
		<global-allowed-methods>regex:.*</global-allowed-methods>
		<action name="login" class="com.ittx.stumanger.control.LoginAction">
			<result>/main.jsp</result>
			<result name="input">/login.jsp</result>
		</action>
		
		<action name="user_*" class="com.ittx.stumanger.control.UserAction" method="{1}">
			<result name="list">/jsp/user/user_list.jsp</result>
			<result name="input">/jsp/user/add_user.jsp</result>
			<result type="chain">user_show</result>
		</action>
		
	</package>
</struts>